Rank,Ticker,Company,Period End,Revenue ($B),Consumer Rev ($B),Net Income ($B),TE (%),CTE (%),Insight
1,REGN,Regeneron,2019-12-31,0.23,0.23,-0.14,161.51,161.51,161.5¢ TE | 161.5¢ CTE
2,DLTR,Dollar Tree,2025-02-01,17.58,17.58,-3.03,117.24,117.24,117.2¢ TE | 117.2¢ CTE
3,APD,Air Products,2025-09-30,12.04,12.04,-0.39,103.28,103.28,103.3¢ TE | 103.3¢ CTE
4,VFC,VF Corp,2020-03-28,10.49,10.49,-0.19,101.81,101.81,101.8¢ TE | 101.8¢ CTE
5,STZ,Constellation,2025-02-28,10.21,10.21,-0.08,100.8,100.8,100.8¢ TE | 100.8¢ CTE
6,INTC,Intel,2017-12-30,62.76,62.76,-0.27,100.43,100.43,100.4¢ TE | 100.4¢ CTE
7,CVS,CVS Health,2025-12-31,402.07,402.07,1.77,99.56,99.56,99.6¢ TE | 99.6¢ CTE
8,HUM,Humana,2025-12-31,129.66,129.66,1.19,99.08,99.08,99.1¢ TE | 99.1¢ CTE
9,BKNG,Booking,2025-12-31,26.92,26.92,0.29,98.93,98.93,98.9¢ TE | 98.9¢ CTE
10,ADM,ADM,2025-12-31,80.27,80.27,1.08,98.66,98.66,98.7¢ TE | 98.7¢ CTE
11,KR,Kroger,2025-02-01,147.12,147.12,2.67,98.19,98.19,98.2¢ TE | 98.2¢ CTE
12,GILD,Gilead,2020-12-31,24.69,24.69,0.48,98.06,98.06,98.1¢ TE | 98.1¢ CTE
13,BA,Boeing,2025-12-31,89.46,89.46,2.23,97.5,97.5,97.5¢ TE | 97.5¢ CTE
14,BJ,BJ's,2025-02-01,20.5,20.5,0.53,97.39,97.39,97.4¢ TE | 97.4¢ CTE
15,ELV,Elevance,2025-12-31,199.12,199.12,5.66,97.16,97.16,97.2¢ TE | 97.2¢ CTE
16,WMT,Walmart,2025-01-31,680.99,680.99,19.44,97.15,97.15,97.1¢ TE | 97.1¢ CTE
17,COST,Costco,2025-08-31,275.24,275.24,8.1,97.06,97.06,97.1¢ TE | 97.1¢ CTE
18,UNH,UnitedHealth,2024-12-31,400.28,400.28,14.4,96.4,96.4,96.4¢ TE | 96.4¢ CTE
19,CAT,Caterpillar,2025-12-31,67.59,67.59,2.7,96.01,96.01,96.0¢ TE | 96.0¢ CTE
20,TSLA,Tesla,2025-12-31,94.83,94.83,3.79,96.0,96.0,96.0¢ TE | 96.0¢ CTE
21,HPQ,HP,2025-10-31,55.3,55.3,2.53,95.43,95.43,95.4¢ TE | 95.4¢ CTE
22,COF,Capital One,2025-12-31,53.43,53.43,2.45,95.41,95.41,95.4¢ TE | 95.4¢ CTE
23,SBUX,Starbucks,2025-09-28,37.18,37.18,1.86,95.01,95.01,95.0¢ TE | 95.0¢ CTE
24,TGT,Target,2015-01-31,72.62,72.62,4.09,94.37,94.37,94.4¢ TE | 94.4¢ CTE
25,DG,Dollar General,2015-01-31,72.62,72.62,4.09,94.37,94.37,94.4¢ TE | 94.4¢ CTE
26,TMO,Thermo Fisher,2017-12-31,20.92,20.92,1.27,93.91,93.91,93.9¢ TE | 93.9¢ CTE
27,FDX,FedEx,2018-05-31,65.45,65.45,4.09,93.75,93.75,93.7¢ TE | 93.7¢ CTE
28,LMT,Lockheed,2025-12-31,75.05,75.05,5.02,93.31,93.31,93.3¢ TE | 93.3¢ CTE
29,ABBV,AbbVie,2025-12-31,61.16,61.16,4.23,93.09,93.09,93.1¢ TE | 93.1¢ CTE
30,BDX,Becton,2025-09-30,21.84,21.84,1.68,92.32,92.32,92.3¢ TE | 92.3¢ CTE
31,GD,General Dynamics,2025-12-31,52.55,52.55,4.21,91.99,91.99,92.0¢ TE | 92.0¢ CTE
32,RTX,RTX,2024-12-31,80.74,80.74,6.73,91.66,91.66,91.7¢ TE | 91.7¢ CTE
33,PCAR,PACCAR,2025-12-31,28.44,28.44,2.38,91.65,91.65,91.6¢ TE | 91.6¢ CTE
34,UPS,UPS,2017-12-31,65.87,65.87,5.57,91.54,91.54,91.5¢ TE | 91.5¢ CTE
35,XOM,Exxon,2025-12-31,332.24,332.24,28.84,91.32,91.32,91.3¢ TE | 91.3¢ CTE
36,CVX,Chevron,2024-12-31,202.79,202.79,17.66,91.29,91.29,91.3¢ TE | 91.3¢ CTE
37,NKE,Nike,2018-05-31,36.4,36.4,3.22,91.16,91.16,91.2¢ TE | 91.2¢ CTE
38,UNP,Union Pacific,2017-12-31,37.74,37.74,3.35,91.11,91.11,91.1¢ TE | 91.1¢ CTE
39,BEN,Franklin,2019-09-30,5.77,5.77,0.52,90.91,90.91,90.9¢ TE | 90.9¢ CTE
40,EMR,Emerson,2012-09-30,24.41,24.41,2.29,90.61,90.61,90.6¢ TE | 90.6¢ CTE
41,MA,Mastercard,2025-12-31,32.79,32.79,3.12,90.5,90.5,90.5¢ TE | 90.5¢ CTE
42,IBM,IBM,2024-12-31,62.75,62.75,6.02,90.4,90.4,90.4¢ TE | 90.4¢ CTE
43,CCI,Crown Castle,2025-12-31,4.26,4.26,0.44,89.59,89.59,89.6¢ TE | 89.6¢ CTE
44,PPG,PPG,2013-12-31,15.11,15.11,1.58,89.57,89.57,89.6¢ TE | 89.6¢ CTE
45,DE,Deere,2025-11-02,45.68,45.68,5.03,89.0,89.0,89.0¢ TE | 89.0¢ CTE
46,ACN,Accenture,2025-08-31,69.67,69.67,7.68,88.98,88.98,89.0¢ TE | 89.0¢ CTE
47,SLB,Schlumberger,2017-12-31,30.44,30.44,3.37,88.92,88.92,88.9¢ TE | 88.9¢ CTE
48,AIG,AIG,2025-12-31,26.77,26.77,3.1,88.44,88.44,88.4¢ TE | 88.4¢ CTE
49,KMB,Kimberly-Clark,2025-12-31,16.45,16.45,2.02,87.71,87.71,87.7¢ TE | 87.7¢ CTE
50,VZ,Verizon,2025-12-31,138.19,138.19,17.17,87.57,87.57,87.6¢ TE | 87.6¢ CTE
51,QCOM,Qualcomm,2025-09-28,44.28,44.28,5.54,87.49,87.49,87.5¢ TE | 87.5¢ CTE
52,PFE,Pfizer,2024-12-31,63.63,63.63,8.03,87.38,87.38,87.4¢ TE | 87.4¢ CTE
53,HON,Honeywell,2011-12-31,36.53,36.53,4.73,87.05,87.05,87.1¢ TE | 87.1¢ CTE
54,DIS,Disney,2025-09-27,94.42,65.42,12.4,86.86,81.04,86.9¢ TE | 81.0¢ CTE
55,COP,Conoco,2025-12-31,58.94,58.94,7.99,86.45,86.45,86.4¢ TE | 86.4¢ CTE
56,SHW,Sherwin,2019-12-31,17.9,17.9,2.57,85.65,85.65,85.7¢ TE | 85.7¢ CTE
57,PM,Philip Morris,2017-12-31,78.1,78.1,11.35,85.47,85.47,85.5¢ TE | 85.5¢ CTE
58,BMY,Bristol Myers,2025-12-31,48.19,48.19,7.05,85.36,85.36,85.4¢ TE | 85.4¢ CTE
59,SO,Southern Co,2025-12-31,29.55,29.55,4.34,85.31,85.31,85.3¢ TE | 85.3¢ CTE
60,ECL,Ecolab,2017-12-31,13.84,13.84,2.08,85.0,85.0,85.0¢ TE | 85.0¢ CTE
61,ALL,Allstate,2025-12-31,67.69,67.69,10.28,84.81,84.81,84.8¢ TE | 84.8¢ CTE
62,MMC,Marsh,2025-12-31,26.98,26.98,4.16,84.58,84.58,84.6¢ TE | 84.6¢ CTE
63,MDT,Medtronic,2018-04-27,29.95,29.95,4.66,84.44,84.44,84.4¢ TE | 84.4¢ CTE
64,FIS,Fidelity,2025-12-31,21.19,21.19,3.48,83.58,83.58,83.6¢ TE | 83.6¢ CTE
65,CB,Chubb,2024-12-31,55.75,55.75,9.27,83.37,83.37,83.4¢ TE | 83.4¢ CTE
66,AMT,American Tower,2024-12-31,10.13,10.13,1.69,83.31,83.31,83.3¢ TE | 83.3¢ CTE
67,ZBH,Zimmer,2010-12-31,4.22,4.22,0.71,83.29,83.29,83.3¢ TE | 83.3¢ CTE
68,C,Citigroup,2025-12-31,85.22,85.22,14.31,83.21,83.21,83.2¢ TE | 83.2¢ CTE
69,T,AT&T,2025-12-31,125.65,125.65,21.95,82.53,82.53,82.5¢ TE | 82.5¢ CTE
70,WM,Waste Mgmt,2017-12-31,14.48,14.48,2.71,81.3,81.3,81.3¢ TE | 81.3¢ CTE
71,PG,P&G,2025-06-30,84.28,84.28,15.97,81.05,81.05,81.0¢ TE | 81.0¢ CTE
72,GE,GE,2025-12-31,45.85,45.85,8.7,81.02,81.02,81.0¢ TE | 81.0¢ CTE
73,DHR,Danaher,2018-12-31,19.89,19.89,3.9,80.4,80.4,80.4¢ TE | 80.4¢ CTE
74,TT,Trane,2011-12-31,14.78,14.78,2.92,80.26,80.26,80.3¢ TE | 80.3¢ CTE
75,LIN,Linde,2024-12-31,33.01,33.01,6.57,80.11,80.11,80.1¢ TE | 80.1¢ CTE
76,CSCO,Cisco,2018-07-28,49.33,49.33,10.18,79.36,79.36,79.4¢ TE | 79.4¢ CTE
77,ITW,Illinois Tool,2018-12-31,14.77,14.77,3.07,79.24,79.24,79.2¢ TE | 79.2¢ CTE
78,ORCL,Oracle,2025-05-31,57.4,57.4,12.44,78.32,78.32,78.3¢ TE | 78.3¢ CTE
79,AVGO,Broadcom,2020-12-31,6.0,6.0,1.35,77.49,77.49,77.5¢ TE | 77.5¢ CTE
80,DUK,Duke,2012-12-31,19.62,19.62,4.52,76.95,76.95,76.9¢ TE | 76.9¢ CTE
81,WFC,Wells Fargo,2019-12-31,85.06,85.06,19.72,76.81,76.81,76.8¢ TE | 76.8¢ CTE
82,ABT,Abbott,2017-12-31,27.39,27.39,6.52,76.18,76.18,76.2¢ TE | 76.2¢ CTE
83,BRK-B,Berkshire,2024-12-31,371.43,371.43,89.0,76.04,76.04,76.0¢ TE | 76.0¢ CTE
84,NFLX,Netflix,2025-12-31,45.18,45.18,10.98,75.7,75.7,75.7¢ TE | 75.7¢ CTE
85,USB,U.S. Bancorp,2025-12-31,28.66,28.66,7.57,73.58,73.58,73.6¢ TE | 73.6¢ CTE
86,BAC,Bank of America,2024-12-31,101.89,101.89,27.13,73.37,73.37,73.4¢ TE | 73.4¢ CTE
87,MRK,Merck,2024-12-31,64.17,64.17,17.12,73.32,73.32,73.3¢ TE | 73.3¢ CTE
88,EOG,EOG,2024-12-31,23.7,23.7,6.4,72.98,72.98,73.0¢ TE | 73.0¢ CTE
89,NSC,Norfolk,2017-12-31,10.55,10.55,2.87,72.77,72.77,72.8¢ TE | 72.8¢ CTE
90,KO,Coca-Cola,2025-12-31,47.94,47.94,13.11,72.66,72.66,72.7¢ TE | 72.7¢ CTE
91,MU,Micron,2018-08-30,30.39,30.39,8.54,71.9,71.9,71.9¢ TE | 71.9¢ CTE
92,ZTS,Zoetis,2025-12-31,9.47,9.47,2.67,71.77,71.77,71.8¢ TE | 71.8¢ CTE
93,AFL,Aflac,2024-12-31,18.93,18.93,5.44,71.24,71.24,71.2¢ TE | 71.2¢ CTE
94,ADBE,Adobe,2025-11-28,23.77,23.77,7.13,70.0,70.0,70.0¢ TE | 70.0¢ CTE
95,SCHW,Schwab,2024-12-31,19.61,19.61,5.94,69.69,69.69,69.7¢ TE | 69.7¢ CTE
96,AMGN,Amgen,2020-12-31,25.42,25.42,7.71,69.67,69.67,69.7¢ TE | 69.7¢ CTE
97,JPM,JPMorgan,2025-12-31,182.45,182.45,57.05,68.73,68.73,68.7¢ TE | 68.7¢ CTE
98,LLY,Eli Lilly,2025-12-31,65.18,65.18,20.64,68.33,68.33,68.3¢ TE | 68.3¢ CTE
99,MCD,McDonald's,2024-12-31,25.92,25.92,8.22,68.28,68.28,68.3¢ TE | 68.3¢ CTE
100,GOOGL,Alphabet,2025-12-31,402.84,162.84,132.17,67.19,18.83,67.2¢ TE | 18.8¢ CTE
101,TXN,Texas Inst.,2017-12-31,14.96,14.96,5.0,66.57,66.57,66.6¢ TE | 66.6¢ CTE
102,AON,Aon,2018-12-31,10.77,10.77,3.69,65.69,65.69,65.7¢ TE | 65.7¢ CTE
103,ADI,Analog,2018-11-03,6.2,6.2,2.27,63.44,63.44,63.4¢ TE | 63.4¢ CTE
104,PSA,Public Storage,2025-12-31,4.82,4.82,1.78,63.01,63.01,63.0¢ TE | 63.0¢ CTE
105,PLD,Prologis,2025-12-31,8.79,8.79,3.33,62.14,62.14,62.1¢ TE | 62.1¢ CTE
106,AAPL,Apple,2018-09-29,265.6,180.59,112.01,57.83,37.98,57.8¢ TE | 38.0¢ CTE
107,AMZN,Amazon,2017-12-31,177.87,-12.13,77.67,56.33,56.33,56.3¢ TE | 56.3¢ CTE
108,MO,Altria,2017-12-31,25.58,25.58,11.26,55.96,55.96,56.0¢ TE | 56.0¢ CTE
109,SPG,Simon,2024-12-31,5.96,5.96,2.73,54.24,54.24,54.2¢ TE | 54.2¢ CTE
110,MS,Morgan Stanley,2014-12-31,34.27,34.27,16.86,50.81,50.81,50.8¢ TE | 50.8¢ CTE
111,BLK,BlackRock,2023-12-31,11.01,11.01,5.5,50.04,50.04,50.0¢ TE | 50.0¢ CTE
112,NVDA,NVIDIA,2025-01-26,130.5,130.5,72.88,44.15,44.15,44.2¢ TE | 44.2¢ CTE
113,CME,CME Group,2024-12-31,6.13,6.13,3.53,42.48,42.48,42.5¢ TE | 42.5¢ CTE
114,SPGI,S&P Global,2017-12-31,6.06,6.06,4.47,26.26,26.26,26.3¢ TE | 26.3¢ CTE
115,CRM,Salesforce,2017-01-31,8.39,8.39,6.2,26.16,26.16,26.2¢ TE | 26.2¢ CTE
116,NOW,ServiceNow,2017-12-31,1.93,1.93,1.75,9.57,9.57,9.6¢ TE | 9.6¢ CTE
117,V,Visa,2020-09-30,21.85,21.85,20.06,8.18,8.18,8.2¢ TE | 8.2¢ CTE
118,CTAS,Cintas,2020-05-31,1.62,1.62,1.81,-11.9,-11.9,-11.9¢ TE | -11.9¢ CTE
119,META,Meta,2017-12-31,40.65,-93.35,60.46,-48.72,-48.72,-48.7¢ TE | -48.7¢ CTE
120,VRTX,Vertex,2017-12-31,2.49,2.49,3.95,-58.85,-58.85,-58.8¢ TE | -58.8¢ CTE
121,MSFT,Microsoft,2010-06-30,62.48,-25.52,101.83,-62.97,-62.97,-63.0¢ TE | -63.0¢ CTE
